Transaction ID,Retry Count
4d3db980-46cd-4158-a812-dcb77055d0d2,2
099ee548-2fc1-4811-bf92-559c467ca792,0
d4c05732-6b1b-4bab-90b9-efe09d252b99,0
e8df92ee-8b04-4133-af5a-5f412180c8ab,0
e7d675d3-04f1-419c-a841-7a04662560b7,0
865cfff6-e345-4bae-a4ed-2c35c3a67fc7,0
10b78cb6-0a05-429a-8cf5-7ac40b97cd37,0
2582bdc0-4ea3-4a92-8329-72cd84b429f6,0
9a981fdf-f953-4fc6-8a7d-bfc26f1ea4dc,0
718cebcd-cec3-49d5-a24b-d4f6df6ca25f,0
f7392e11-52b1-49b0-8da8-e71128d99808,1
35f5cee7-d7a2-42a7-b94f-1d3e54b0bd2e,0
71ef7fd4-ea73-432e-9f9d-23ce85d33048,1
24159fef-1532-4cef-baf2-a5270e6e61e0,0
00dd618c-2382-462d-88c5-869eb096094f,0
9a986a12-b24f-4269-9ec8-5b4c73212d05,0
ea5862f0-0edf-4490-976a-958e9799a21c,0
299a7bf0-12e0-4f32-85bd-ae7f4ac7af90,0
c03ec1e5-e536-43b4-bf71-71fa84fc4b91,0
7eddc148-8755-4901-b31d-8ba5ee895860,0
46982aee-d402-46bd-96f1-2a181bdd9e78,0
6f4d28fd-cb6e-465e-8b18-225b2e743da9,0
94aa141e-9f72-44e6-a89c-b18cac10ad48,0
96a6ad56-a9ed-4846-aca4-8ec1b347e36c,0
f71fe071-6e1b-451a-b920-01bd3269e671,0
9c2b53dc-67ad-42e7-8e9a-c820ebbff436,0
8e0d1d4b-19cb-4cc2-9e31-add15e2cb1c3,0
b637de05-3938-4237-aecf-aa84b48d7241,0
edfe1019-862d-449e-b182-67b5456859f2,0
507094df-3626-4c20-8de8-a301d7ce4d3d,0
020c2eb7-8f47-454a-9b02-14ba21afeb3c,0
fbc3e382-39c5-4e65-bf1d-9ab5a5e2a22e,0
351140eb-618d-4c98-8e30-a04080ff5feb,0
c4511220-49c6-4e80-8cd5-5b8d722f03f4,0
b0cf870b-a20c-461a-9d2a-455359322843,0
4bdc26b9-eca0-440e-b07a-7e81347708a7,0
bc2a5de0-7d21-4e1e-89b1-5d94d8e4b62c,1
90b95e21-1dae-49f4-8405-06c5240dcc6c,0
3a4d633d-cd06-492f-b37e-963586066bec,0
ca065f7d-ae2c-4204-a32c-249c41e1aa69,2
4a2e05a1-c027-4702-92a2-27e6a3e90f55,0
25eaa6a5-0912-4020-9035-cd7d5e219ab2,0
8d02f5f4-6e44-46cc-8584-a488ec7cd107,1
0649b38d-ca15-42e1-8aea-8eeb9f756add,0
7008ac2a-1431-44c4-b74d-33170bc1ef33,0
a8770c63-849d-46e4-8bf6-8eadd45443bd,1
0300f013-05e6-4dee-8db5-c7f6a2283dec,0
c632fbd3-a704-4c17-83c3-286b9f2b654f,1
8ca79409-a93b-48be-8e66-e5baf2308530,0
504019fd-d27f-4f15-881a-cd26e43b7df0,0
d9c5a2b5-19da-4814-b9ad-923d9d6455e4,0
13cb6a98-36ed-4899-8c83-d45c1d7e9bd4,0
8fa59587-712d-41d8-b359-cd7e2efc5d29,0
207db252-0d2f-441a-b8f0-df2e87dc19db,0
06b1f88e-c7a2-4031-8ebd-d1439726d458,0
0d6cd39b-1d52-4cc9-9b2c-180e5b34ca1c,1
3954bf61-e16e-4735-a15b-426b0f4c88ce,0
ab1cae2c-504f-4282-ba1d-7952c40e54ae,0
8b332692-e042-45ac-89c6-222a3e0e2bd3,2
81bdc504-a929-403c-9ebc-bf9c71418535,0
2795845f-4c8a-4eda-b751-1b1390b1a5d9,0
3a5ac2ac-d21c-40ce-b58a-da455d0a9c1e,0
b2f5bef5-9240-48fb-93a7-30d4fb88c416,1
ac374b95-11f3-43b9-b5b6-ee5b27978698,0
85e0f446-4b1d-4fc4-bf42-10f57181d708,1
d89bd33a-b4da-4e62-80a8-0b543d222fd1,0
21097a39-ae4c-4a6d-8ccd-7a173adb87a8,0
f169fc71-37f6-43f8-9c53-92f070bc7779,0
4a4da92f-486e-48d1-ab67-5254b50b505f,0
3f9dae6e-48b2-435e-bcdb-6221eab19e65,0
406fb492-466e-4cac-8d67-d4eaf7b3d915,0
9d2b9c6d-25f8-442b-8981-0e732cfb1915,1
133cef16-1642-4ed7-924a-c41c074d5419,0
99a4394e-db60-491c-a56b-2efb3106ece8,1
6cb4a0b3-6af4-43a7-b836-9b8c00dd494a,1
6f5d1428-4ca9-42a1-9017-f241f403e465,0
6dd53d45-55e2-4cb8-b2e6-3a46c9faee0b,0
02ac8a64-0f67-4b56-94d7-9e58bdcb83d9,2
9d214c29-e395-4183-8052-f54b1e252cc6,0
d8e85dc4-2f2d-4453-991c-dc0ef8191c1d,1
5c74bcc3-f6b4-4061-9696-fde048d941ba,0
68fb37fb-289e-4339-986c-3ab0a8b57f2e,0
84570911-ef8f-4461-a11e-d6343f444b7e,2
b4372c4b-ec51-4d85-b46a-7793f6fbd6ec,0
d52eb3f2-98ec-4f15-a198-b71237f32969,0
1d69131f-bb5e-4ae6-8677-a8794b4e8cf8,0
dbc9303f-ade0-4881-aa81-d41439febb86,0
507121d6-d581-49cc-afd7-149a86d29716,0
88225b41-971b-4f64-b536-80a805a4c9e3,0
f4c78e82-66c1-487a-8b4c-c50a764ddab0,0
fa8da4d7-2fd6-4ac8-bbda-37864dbef080,0
5396964d-8ed8-47a0-9b63-b25f4e49c95d,0
0dee90fa-11e1-4a76-807e-4b7b84c2b595,0
d6925c0f-d326-44c5-a14b-83e320d907fb,0
9cc100a3-1bfe-447c-8841-8a21ad1f85d0,0
6583c3b2-ed78-488a-9500-fc80e6e396e5,0
3f3289bc-e898-4d1b-95f0-1a8dffcca5e3,0
6f001ec6-fea1-4981-9cd0-d5dec5f615cb,0
fc0d5b67-4bcc-4e51-ae2f-e52f2b95ce87,0
9707d0c5-c1a4-4d64-80b5-d56838682aa1,1
823469c7-4370-4da0-9cad-8d201e7dabeb,0
82d8cf1e-56d5-44af-9503-e77736c780eb,0
e912e5ef-148e-48b0-94d2-5e32e616b3f5,0
77d3c4a2-459c-4f0c-8135-3da7aa66c39c,0
f600aa3e-ba93-4c8e-ba9f-2ee8cace4bf5,0
1750c2be-f969-4de7-8f16-eb948a25f4a3,0
b6b2d71d-51f8-49b4-a63b-c3ff1f00240d,2
c6cd757d-c369-470f-8134-7def15175e1f,1
9001cae7-62e0-437e-8be1-44711d2df846,0
47c3e0ae-eb07-4046-b611-8ac354e2682c,2
fd0468d4-cfb4-4e40-b058-e2b190628074,0
1a289527-7bf9-4034-927c-e61624ceb3ae,0
e688e069-9560-466f-857d-0a21991eea52,0
e141dadc-0a32-439d-b411-3666007cfbb6,0
26802397-e0ce-4c56-89cf-004e5d50785a,0
8fb30c44-8411-4ada-a7e0-0c45c71eced0,0
4099b9a7-f934-4911-92bd-bcb6811794dc,0
79770bd3-0359-4311-9079-a80cd4dde353,1
e9788dca-ef61-423b-8281-00eeac9bdb07,0
cfca6a11-2709-46f2-b010-b696da0b6fd7,0
7e493fae-3fe6-4e96-9f2a-59668044979b,0
d4a65349-af70-4fa1-9a5c-dadf31e0cd81,0
6d70690e-9c67-4ff8-a482-c12f4540d96e,0
3206d05c-e9cd-4d6f-ab22-81eb54b2d1ce,0
8387d8a8-add2-415e-98cf-0b5f2666dc31,2
273b1720-4d3a-4834-bce8-406ae4dc69c4,0
bde1d24a-23fd-44a9-b441-1883e1492489,0
01eb623a-e640-499e-8323-2683a154544c,0
36cc5d6f-ca90-42fe-90b5-916c8be7cd27,0
34e409c2-275b-44b4-8f61-2b719b673f6f,1
56e2e6d7-1f8a-4a04-acec-1363e33dd2d3,0
f52158ab-f8d6-4f42-aac6-d45462caca32,0
8225eda3-2dc3-49e3-9a87-fb58e67fd99c,0
8c1bc88f-242c-44f0-b02a-254d66949ed6,1
c8e0093e-01fa-4c97-81c0-c0fd966a5f8f,0
dcf5b4d8-2e37-4717-a88e-57e3690b56ec,0
bbbdaf03-669f-476b-9304-69a95655f235,0
c3452731-66ff-4696-a51f-9ee84da81e4d,0
b69548af-727b-4d2f-88ea-ef7a811a3ec5,0
71c23a65-1fee-4216-8683-5709a41f942b,1
df002d0c-1de6-4906-8853-f3da478d4d15,0
d7aebfcb-74ed-41f5-9bf7-756979a91b5b,0
dbf62f00-a75b-43b0-8ce4-a8c588bed461,0
5a009535-6b32-4558-b11a-d0dfd45d3db6,0
2e4c7c52-34da-4d70-ac88-b357e88bee2b,0
8090b8a3-37c2-41f9-b6e0-15144d94f53d,0
f2c47b46-11b5-42b7-ade3-476b2f46a311,0
57e1fbad-51f9-4508-aa38-707246329d69,0
a9cc560c-7f99-4f88-b04e-94c9bbf7a432,0
d56d825d-f69f-41d3-9748-344086e1ede3,0
7a926fe8-0133-41f7-ae23-c05e80eb5888,0
0db9dbd4-5096-4399-aaaa-accae8404375,0
854d4d33-c003-4d85-bebe-36844e0360d6,0
1f790b84-78cb-4f12-b86d-08d8aad45e1d,2
bcd8d3d8-2386-45bd-bcd6-e6fcc1a4d184,0
fa3151a9-ae21-4203-a85e-050c8c73d352,0
11556abb-72f2-4ad0-bf8f-9c7ddbe86a41,0
8151c72b-44a9-499c-a148-13a9336f8a32,0
e6e1b2ff-ec11-4619-8e1a-eb187d54c2c8,0
44d38ad6-db53-4d1d-b615-f66d27d46cee,0
f1442c51-d71f-47ee-a791-418e9f1e60e0,0
83545250-ff28-46ee-8dad-bc49faac114e,0
e319ed8c-e82c-4423-bce7-ff5a4df70032,0
117ab6c8-6439-431b-a03b-c8d9942d94ae,0
2bbe78fb-daba-4282-a8f0-0d861f9798e4,0
46bdb139-4097-44f1-a680-17a617ea1f03,0
1e1bd908-f570-4ad7-8972-f652348b6d56,0
e10612c5-25f6-4518-baff-0c733b824e94,0
807cd9df-73ea-4dae-abe2-c3dff17a4399,0
426c66c0-5867-4339-ae1a-de956debe74c,0
3cef3f9b-e785-4b35-b3b2-2de693c2c3b8,0
d2677e72-9b87-45f7-ba71-819406449f4e,3
b215615a-2ff5-4dac-89f6-c1c968e2204a,0
84d331ab-25dd-4c1f-91ce-34d150cf1ce4,0
7f76d5e5-d0b9-4d65-ac40-958592f27a24,0
c332fc27-6767-41b3-9aa9-7143d7c9ea10,0
2c18b957-af1b-4924-90bf-bcd757f335dd,0
fe47b1e2-6f06-40f4-a2a2-f74d864bcda8,0
5791708f-5953-4c3c-bb76-0c003ad2c9cb,0
9b936eaa-c86e-4e6c-8085-4f05d6fea362,2
f195cc18-ca2c-4dcc-b2c6-63b07c9e3d61,0
51de0122-bf9d-4aa5-bea7-73cbd0ae32fd,0
7e0a5018-1207-431f-98da-d66888f2d9cb,0
dda552ae-e710-481b-904f-59b24ea44926,0
9961f88e-bcd5-46ec-bcf4-6f2740f4baac,0
1861fa1b-207c-4583-a385-826ca010a1e6,0
64477709-b886-4cd3-829f-ea7d93cc29b6,0
645cddcd-93fb-435d-aa1b-a4f6ccf7b77f,0
9a06b033-fef3-42bc-a78c-4fe4a4d11062,1
3bcde7c6-3b0d-4fc8-abf0-2625e226528a,0
5172f563-29d4-4a25-8b73-905d10216645,0
7e1766b7-2bf4-49ba-a5bb-1b417ad1146d,0
4c6dbea5-da4b-4973-9167-b318331deb91,3
331265d2-53c7-4749-a988-4723da0ccccb,2
36a74625-2fef-499c-ba53-8efb1c147914,0
56c89ca9-6c78-45d0-ad83-622c8c27d4d7,0
5cc981c4-46e8-4488-988c-aec3651313ac,0
7fefe9e9-5278-440a-8c40-70f1aa1ca29c,0
0deeb06f-714a-4ac1-888b-c25013f2644d,0
9e99e59d-a2b2-42bd-ae44-d0960d11ef9f,0
44424015-33dc-4013-985a-5efe6f75c705,0
064243ec-0c36-4699-998a-9223cef63638,0
bb75729e-399f-423b-9969-9c3613692cb7,0
dc808f2a-0f0e-4b35-8897-a25486d24d3d,0
d39fcd99-5648-4b25-9bd9-b08cedfc4ce6,2
64be3d14-30a7-434d-abf4-6ea076e911a3,0
22ce368f-8067-40ef-9349-e54ea0cddb8c,0
d2f162b8-1247-4f43-91db-a4a7bdd6cb5b,1
4adae0ed-37e5-47a3-a8fc-2758fa6b66d2,0
969fed95-efd5-4e0e-a573-4952b2fa2866,0
7bbdab6f-07ca-44c2-afa9-9b3640c29fb1,0
170385a7-f8bc-49de-a637-9381e21b26f6,0
3b7733d5-bcfc-4a88-b67b-cb1dec178fb7,0
e1dfaaf1-2b11-4e7f-a0b9-7ea80099bce3,0
359683a9-79a5-4f1d-bbdf-d4d83f8d125f,0
6a1e3095-f393-42b3-8d52-400c22cba0dc,0
3be34dcb-af1f-42cd-bbcc-1b9ca68cccb5,0
445cc6c5-a85f-42c8-bcb6-c1a03bcb91e1,2
1c00d3dc-380a-4fec-bf2e-1e10cf262091,0
7dad9486-5365-4a1e-8013-2d0d38ee728b,0
d1d13d11-efba-4833-a2bf-0f17dc02447f,0
98c53353-3691-4687-a078-efb3e164fd88,0
683e0467-cf45-4a75-8a68-c9426aedaa49,0
5dafe924-4853-4510-95b3-252fb89036dc,3
0ca68b6a-9017-4406-8a93-f56adf516278,0
4fdcda14-490a-4a4b-a511-fd9e4130fc4f,0
9e86ca6a-de46-4e0a-9741-e9388f838820,0
e2bf46d8-4e1f-45cc-9488-97ae7b9bfd61,0
8139bbb6-ec34-41b7-b161-5c77c57641d3,0
bcbdb478-f82f-42e7-988a-618c51b0f5e8,0
9bb657ae-fa35-4deb-a243-9d70e29738e5,0
a732ef73-3a2d-4e21-a587-d1d496a29ad6,1
7b5f0235-3b54-4dd8-9b07-5d0cdaf363c0,0
7a887b29-98d3-425b-b173-a8462b7cad5d,0
247cfd80-21c1-4a8c-bb2d-dd4453184bc9,0
224033c6-12ce-4275-ba1f-cb6727496e4f,2
a4a08a97-09f6-4efe-a825-b7d7f52da332,2
20339cf2-ce5f-4a8f-a44e-682a37eb79ab,0
faf020fb-feea-415e-91f5-ed8ba5c76d60,0
4b483507-686e-40ca-80bd-69f8913d5829,0
d5af673b-514b-48f9-869b-001fb04cf079,0
b2c70126-9eb4-406c-81f0-ba9886b557ea,0
e96988fb-1def-4ef1-8dff-edcf2d74ad27,0
b9fb5dc4-2e04-4a3c-bfce-ca646e4d86f0,0
fd23941e-6e57-4f88-8b36-8a051fa58859,0
d2083832-2ba7-43a2-943e-acdf28fb48b8,0
3b86e2b1-23de-4e43-89e5-d313fda3ac65,0
b5e81832-e3e0-4161-8fbb-f011f3a55363,0
1bdb2dfa-940c-4ddf-9e99-3552ba10f7c8,0
e90d6496-56de-4e00-8a7f-c001dc8cb20d,0
764d0501-7a75-49e9-9f75-1561af6cfb5e,0
ea7a8976-1a2f-437d-b6fc-65695c89f70c,0
64210714-d6eb-4805-9f96-eeafdfe6f74b,0
0512959e-83ef-4325-8e7e-cf06f1d83e34,0
f172fc8d-0c89-40cf-a0bc-27cc477f40c0,0
492a8f5e-946b-465e-9af2-ecdb3a330401,0
ea881988-35dc-4988-9ef3-3f5f8c56b570,0
3439d87b-2a6c-4ce7-bd4b-7e29f80322fe,0
c1e33699-cac5-4e77-88f7-b643efcb4ac0,0
7dd6303f-eacc-43ba-9d44-ad906782bbed,0
42d9370e-4e6a-4533-a388-e86558bd3578,0
026355dc-01de-4424-9315-8ecacbadf8dd,0
a92f7bb2-4bfe-478f-b7f5-0d3c7060ff8f,0
2187aa4a-8d0b-417f-aae0-74bacff2ae96,0
517f7c65-7c88-4b76-bb2f-a737f7cdd47a,0
948d0721-b77f-431a-9c47-ea3fe10a8986,0
07aa33e8-de5d-465b-bc0d-32bb60156a6f,0
b1aab44e-4627-4bb8-b7ee-17359b128d3f,0
e815b5c8-d88d-491a-8b6a-3bcc1a9dfa5a,0
c0dc63ed-a271-404c-b05b-66eea26e01f4,0
a709fafd-5aac-4a7d-93e0-db13820dcc52,0
7aba4a9d-491d-4630-8e9b-ec13b7b332fe,0
d28bcd7c-ed99-4cad-a286-b336ea3dbbf3,2
68cc15dd-b253-4abb-ae95-76f23624665c,0
96f70382-8955-4858-a279-14b32cc26103,0
ca3efe60-77f7-4c52-b87e-835f2a5e7084,0
3f2d11aa-6a22-4fee-9764-1e94edc5f03a,0
f6a1a911-4436-4ac5-841b-b5dc4490dbb4,0
5f7bf32e-9c62-4539-b7be-00d371d09f97,0
e680b426-56f0-47cf-bfa5-6ff4ffb83cd2,1
301c14d4-fc65-45b5-9300-1212267235fa,2
dbcd8fde-ef12-4429-a895-4f9cf2ecaaa7,0
62660621-a015-4ad9-9fca-6dcb0c6c357e,0
e2e78475-164a-428c-8136-25270e41a084,0
be360a78-f0be-4606-bded-fa0fcf7f49d4,0
8893686f-2013-4720-bfc7-50b5da54cb21,0
44a16df3-b016-4684-9761-0db12b74ea58,0
5ac6a8cc-58a5-44a9-b20f-a1a95ed2ecf1,2
8332d8ea-5bda-4494-91c7-7d34349c1f37,0
8de06bc6-1ea5-4448-bd4c-8a4e62178995,0
52059936-f18b-4088-87d6-005683a9bd10,0
bb6aef75-74e6-40e3-84e2-281f0b3a537f,0
f5cca819-7751-48a1-bc0c-ecec750053db,0
ac836136-6bb0-42b3-b3f4-e01808d9c9b4,0
2564833d-402f-4952-980f-494604278e5a,0
c2087bc4-8674-424b-9af9-a4795f9ed850,0
82d1fcce-9ea7-43bb-9de5-0e614d5f037d,0
faefe616-2031-4dbf-8619-9fe345e2027e,0
8cc7b996-cd9f-4d48-8b91-2768b33f665a,0
f3a01fd3-99e5-4d64-b250-f69118d92c8b,0
92dbd8ae-1e2d-4a28-b2e8-14fc14016949,0
7f4000a8-12ca-4034-9290-b966de4ce180,0
ec3e86c5-a106-49a5-9b76-b5861af0dcba,0
80e7e291-ab10-4c72-adb5-9e923e230452,0
b85affe6-99bc-4281-9cd8-012632c57334,0
13b93023-1cea-4475-bb1d-192c2bd73ddd,0
b639c0f1-a01e-46c7-aba1-c9036d38b78d,0
2ba823a5-3002-410d-80fd-0c92395835f1,0
e2cdf5d2-0a88-448b-a41e-18e64ecf1295,0
26d16221-172d-469c-b5a9-cddeae89ca07,0
cde0ea22-9787-40b7-886b-221a4fbd837f,0
b7b6f2e1-18f2-4a6e-bd4a-36cb083e0f8b,0
21d41479-8fec-4da4-b5b0-cbba4b905007,1
04945752-915d-4356-8ba6-bfd91ed6e78d,0
a11f6e72-014e-4dac-9044-9cd7b7f7c2b6,0
1fa47bbe-73e6-44df-843d-12c94955028b,0
85ce2baa-5ba9-4595-8035-602a626a6741,0
3ec82afa-f51e-4857-8a33-bfce8d8d60ec,1
903e6d72-f816-4fb6-b650-6bbb5aee7e4e,0
4da92580-5b45-44b5-a195-f577b673e14d,0
7562a6d8-a20a-464e-85b7-2305164b16ae,0
4994f75a-fbb1-40a8-a230-17afe0bf8ab7,0
f03aee82-affe-43c2-a8d9-23c05b3be54c,0
93f47dc7-6124-46b5-b718-9190d4f7e032,0
ea6f6810-0b53-4fa7-a422-8c09a35a3c39,0
f46b70db-ca74-493b-ba2e-a8915408d81d,0
234fea1f-012d-4428-b12e-07110a984591,2
9e719490-5ab5-4c91-bd5d-edf4f1e377ee,0
4688d21e-35b1-4606-b3fd-07668bfea5cf,0
dd26839a-08e9-41a7-bb7c-49d1df122b16,0
bf866061-c2b2-4c3f-b3ed-bf650089d355,1
2e94ec53-f2b1-4fb1-ac60-078ea038289d,0
d47e549b-5a3c-474f-90c1-341279d6bf7f,0
c5e2904f-018b-49fe-8f10-9689af421626,0
bcc43af0-882e-422c-848f-4e9c88dfe3d8,0
84cb84db-607b-4f91-b086-ba7640171132,0
9aebac7d-24c8-477c-ac66-88ed57ba8308,0
1d571a70-301f-4d34-b4d5-a210f722d39c,0
87560fd6-9b6c-4124-9226-cb7eaf272a88,0
7ab5328e-2047-4b85-bd9f-d96de38a3fd4,0
72b04783-77d2-41c0-b1a9-5d1408ef96bb,1
f32839c4-4af8-4887-87ae-2df57ba5247f,0
d776eaea-7cb0-4ded-9e42-a344e7e3015b,0
ae39a050-9dff-437a-a390-474799f49ccf,0
53a3bab1-12ae-4ab3-9eb7-427a9b2d3567,0
d411646e-4f50-4c0b-b35e-c0687cd8fcc6,1
d381c635-0acf-4af4-8772-5ddba7840de7,0
b7e84777-e0f1-457f-9322-bf8941d1ce35,0
f4d81d64-d2ae-4cb3-b068-a195194cdd9c,0
a293b909-dcb8-4004-a54f-f8f0e097c94e,0
058a6461-61e7-4444-9ecd-b52ade13a365,0
47e32a3e-02ca-430c-8608-c0076f87c804,0
722d42ca-8141-409d-aecc-a67997bbd547,0
f6db20a5-46c8-4e0b-9201-afa90893cf45,1
c16a93f9-9f47-4205-8b95-c1b5e7e3b199,0
447f9494-6c45-4682-b63f-9224f98c2d86,0
2967d94a-ab11-4aa8-bcb9-592d7919423c,0
0df66628-f0ba-448f-9fcb-fe53e414d6ee,1
be3bfffa-1d86-4e1c-ad1f-6822a953dd4b,0
8be1cd4c-9f7d-4b42-bf63-b89907896e56,0
2a886d05-3135-48bd-b6a9-5851be6174aa,1
e5468034-715c-4e3d-9796-d49a2857d8b3,0
51a021e1-470f-4443-a402-81cd83974661,0
c9ae2d0f-3fbf-49e4-a676-600f7dfee50f,0
fbdaa559-f7d4-44ef-a01e-b87259d48269,0
5d549970-62b1-42c5-9c2f-8d8b06deb562,0
85008307-c80e-4466-9373-7205cb2b54c5,0
b40a6ff7-e4c4-495e-9d37-1c52e8629f3d,0
56c4811d-4820-4cb3-a6aa-b0a393b970ec,0
80ea3570-6ce7-4f8e-a13c-a5a6fe80dba4,0
a6232492-be18-4344-b1b2-546531e74b40,0
09413ca3-1ba2-4f20-9703-f2c495b65282,0
81bbb593-f7c6-4b29-a5d0-7d51d4a888ba,0
8245a0a1-e277-41e3-a80c-0f460dd28894,0
a962bb39-1276-4751-882e-e575afb99607,0
ba75577a-951d-4e78-bc46-66ba7e3a69b2,0
433d660b-ddfb-4e49-aa8c-28a4183c6099,0
81bacb56-efe3-42bb-b135-5421b0ecee7e,0
047b109b-5ed1-4c86-ba20-9f88a87b4812,1
018a3fd0-de8f-4c42-83e1-a994126470cf,0
ee03febb-1f86-4cc8-a930-374a260434ca,0
bcb3f6db-30e3-4bc1-a1e5-b3918d795c0f,0
cfcab6cf-b69e-4bab-9075-1f42406cd830,0
11357995-606e-4e71-991b-1fc0273504fb,0
0af8808f-a11b-4344-80ef-f81ac959d7f3,0
b389e441-ac92-4f7f-9735-b3aae39a6990,0
699a0294-d8d5-47cc-9acd-16ca252d8bfe,0
4318f7b6-60b0-4e97-b802-51c41b7f7d9a,0
dc19a066-4612-491d-b4b0-a062bd2d8f4b,0
125df19f-c39a-4e82-b08a-d88fa01edb1a,0
4ebc9626-2a63-4946-be1e-1bc973ab6621,0
07a28686-5402-43a5-b0d2-28099faf1d00,0
5f780bc4-37f2-4cf3-8abf-1a17fc80b4ee,0
946575d0-b962-46bb-b3ee-38d6b0e872ba,0
a8bbd497-316a-4052-8969-c27d410004cb,0
cdfd068a-06ae-4735-b4be-94cfa1a27702,0
5c49cb2d-3f5c-44c5-9c6a-1a6275bbb8e7,0
9bfa623e-e9a2-4055-a68f-6176799c23ba,1
ede14443-139b-4f8e-bcbc-085fa51a5f72,1
008ff015-7cbc-4090-bcda-40f48d2506c3,0
5077ad98-c567-493c-ba98-8fbbd73bb2ac,0
927422c0-3664-4508-9fa8-b4351a1ac0bd,2
57468925-802b-4eb1-88bb-a9ed020e8052,0
e4145ddf-6b3b-40ce-ae74-4b9985c9c4cb,0
1f9cb120-d002-405c-afd3-511b47901e75,1
c48ba602-ed97-4093-899f-12f49a537640,3
6ae8e16c-3e3b-42c7-a435-270ecbfd3569,0
d4ed90e4-60fe-446a-a063-8b03606fb8bb,0
0464c505-4f1a-4246-b11a-1e80a20a32bd,0
31d854ec-30b1-4485-92cb-0230a0b171ff,0
56161ad7-99da-4e86-b6b8-b409a850ec9d,0
cd859939-7da1-412c-ba6a-3ac2c8dfbdba,0
b8117cfa-4c30-4d0c-956e-40aea7be2c82,1
b3434da7-0e81-45c3-95f5-1a9a783f25d4,0
8be1de64-c72a-48ec-a637-c98eab58cdfb,0
bb92963b-f1fc-4b8b-83b1-6c804d38df80,1
24d9d27d-5914-427b-801d-9425fa637033,0
5d10dce5-9fb1-4fa3-a22d-667d48b450c9,0
e78ec137-15a6-4db9-82b4-957dd2b53419,0
9f40c524-4848-47da-b265-ad556e950921,0
044f4d60-3930-40ae-a4ba-a34f677c0afa,0
321660c1-6868-4e43-b34a-c8a60147cd5a,0
dae02a42-6403-4bd2-a040-a31908a6125e,0
98ca120c-9a69-48d2-9b02-be47ae6878ba,0
9ff95193-e54e-47d2-b8f2-df37d3d1f63a,0
7d2dfed8-f0d3-455d-be89-97fa0939c246,0
2eef4d86-42da-474e-b48d-addc0e36fe50,0
63bf7da6-c7c7-47bb-a10c-150e0eb4741f,0
31fdfcf2-2733-4d18-a512-950f3ebb0d4c,0
19f940a3-0ec8-4d9f-b8f2-6aad8ad07d9c,0
58b4174f-e991-4a40-9abb-fbe569688ef0,0
a05430e8-214e-46d7-9750-80a3b4bdea04,0
7554c6cb-1191-4940-b4c7-66ed625fe762,0
8a00b342-43fc-4acc-9bf5-9bf4d9223035,0
0365a353-a5f4-4c30-a38c-ea714d6e791c,1
b2f7fafb-211d-4d16-888e-0971bb34f15a,0
6abcd5a2-a386-4544-bee4-0897aef6d6fa,0
470673f8-6929-4563-8640-1831564196c1,0
d871de7e-1ea1-47ab-be86-3275fa53b4f6,0
58cc69b7-d474-4327-a8a1-f65cad84b834,0
97cb4944-b77d-4b9a-bfdd-7811aa67871f,0
22ee690b-f250-4f10-8dfa-3937fe9113bc,0
81ae109e-2d5b-40c3-8308-c5000cf8b519,0
736c8e5b-cd1b-4232-980d-2c24cea4ccc0,1
21cc5c2d-08dd-4079-a228-2aa6bef5c62f,0
1649908d-ebc6-4214-97f7-cd9899b4b4eb,0
217c0c74-5af5-4008-850c-f130edbd84d3,0
c7faee9f-3368-4300-8d11-c4df8b1bdbe7,0
d014ed15-de31-4a0c-875e-e9bae909a59d,0
888e2b63-dc27-4ae4-a5c5-fe6dd06cd733,0
ae2cc3dc-19fa-48ed-aed6-8caf7ab2d2bb,0
6b8bd593-9e2d-46f8-9fc7-82e79faeed6c,0
44fc1c04-fca9-4e42-971b-d53314b194d0,1
f1b151a2-f553-423a-ac39-8d1ae6cf439d,0
b12ee8cb-a3b0-408e-bdff-c019ac47acca,1
ad7ab3e6-bcd6-4316-a002-446e8bf6f994,0
3a53bf10-71fe-4e4d-83a0-0d2978a49131,1
9b762346-ab45-414c-8e7d-5d16e86206f5,0
110b5b5d-21f1-4766-9a42-4f9480fddcda,0
2f6b21f4-992c-43ad-98e0-8ee182afcc02,0
8d55f78a-52cf-4162-bb01-1296e4216763,2
2858d7e6-f005-4505-ba99-752254d39fee,0
85c3c097-73a7-42bd-a6d2-2fb1a9eec036,0
ccea31e6-a7ed-4495-823f-9d569f8d7798,0
7ad71118-7621-4689-a75b-ea514a9881b9,0
98558f9f-46e3-47ae-a009-2812a33a76bd,0
d7bd1ae2-5e00-4524-b911-5dec2dd5150d,0
13c053af-c39e-4527-9b41-05921007bc86,0
f789f231-47e3-41f0-8977-fee3396026bb,0
5182e6aa-9323-4fbd-b778-e887dde8a292,0
57fc4a75-256c-451a-95c1-8b6a1fe6a39f,0
a599caf5-90e3-465e-b0b3-86db7b12facf,0
1907bd32-0232-4bef-b844-ccf153a42c1a,0
526b4d4c-37af-4d8e-9ba3-aaa8f3cf7898,0
9b5fd63a-f9c7-4467-b8e6-573a6b56f232,1
3e1c1e25-dcfa-49e9-aede-0bc4800d212d,0
353a4f1e-a115-4021-a341-7234b328c2ad,0
7adee246-8271-47f9-84c2-8a607e9128bd,0
4c577f9c-eb9c-4d27-9ef1-96aa16a81cbd,0
3902cad7-579a-4325-906e-deb621866200,0
dd816a16-e416-449e-8ff4-6bfd4d75ee44,0
35d092bb-ef88-4db5-9c17-9d7f7bf36438,0
2eb69453-d2f1-4eb6-a622-2fb01e7d2d50,0
b934ce5d-621e-4b05-a8a7-b68f57b1d785,0
7955e217-102f-41e1-985f-4a3dfb1abaee,0
f2f9e5a1-9663-4cde-91e8-6f1496fc9571,0
fc15ecae-50c5-4e19-b3b9-f3eca19ba175,0
8d05842c-b5d4-457d-9590-533482144e0a,0
f1333afe-e2e0-40e3-9b19-c6ca89477fdb,3
c4705f3d-0530-4fe5-8ec8-ca409d7954bf,2
ceaeed92-ffdd-4c8e-be39-88309fd7e995,0
d6c480fd-f9f4-4ce8-bcf4-16b7776c88ac,0
cdd26a41-f7cc-48c2-a798-f4bf2462e482,0
bcb4189d-7986-4821-a318-40c3f599323c,0
2b7f385d-da30-4822-8aa4-ee56dce8006b,1
6329ef96-d859-4a93-8f76-a2c238e1fa61,0
08a84e7a-e771-4bde-be26-eab0b7456447,0
564ff043-4110-4f65-ba6d-f9f139a57176,1
e2f329e3-aa97-446e-85f6-9e1d1a5b0537,0
0bf732ad-3afe-4bd2-beed-26f0b54b17dc,0
fad27c17-8e1b-4711-8b02-7eaf144a1cee,0
065d695f-b1b8-4223-9f05-309bb73b6777,0
62d0b55c-ec3d-4ee0-8b09-0a766708da18,0
3ced43f9-8f86-498f-b680-008e08cd9594,1
1ab46de4-9ff4-4cb6-b0db-b1b319af947b,0
42bddab0-f4b8-4d5c-ab02-e191741c3e09,0
8b42c1fd-c6e5-403a-870f-d7540f920d61,0
912cdea4-199b-4521-90bc-c490f44dcfde,2
b9354c01-a7c2-4c04-af38-83ba303048bb,0
a1b8c858-81c7-4dd1-8f62-7bcad3da1608,0
5f4ae5f8-6769-4461-ad93-5e557843cf3a,0
833b1843-74f3-47fe-85d2-c55f4103ee99,0
4a2d9e02-db24-48b5-8f04-2d45d4cbd283,0
395f77b8-3ac8-4d57-8508-e37a7ac10143,0
fbedec34-61c4-4964-9eb7-51d31ec5e074,0
fbc2e673-c0dc-4555-bfb6-f7d4e65dde22,2
e931743d-a1c8-4551-ba0b-ead8139d22b0,0
b7326452-4f4c-4eb7-ad37-736b9300f111,0
2da9962a-d0a9-4d33-aa8e-75223a52ec23,0
699a9da8-0c82-4825-b62a-20148afc67d9,1
f30012ec-134b-4a85-a35c-748b685e97e4,2
6e67758f-e544-428c-8143-35ba8fdc58ab,0
c76c01b4-cdab-4d7c-bb14-6c27c8268f52,1
e12504df-9c2f-4210-ab6d-1b9b52608c61,0
f1f56b4a-c232-4c7b-a679-8000e2420555,1
bac8b4ab-3fcb-4990-bbe2-419b0ecd5e39,0
8f09168c-2ed6-4088-b2c4-1ee69d925dc7,0
443f06f4-3eb2-405e-b541-0642b3853ab1,0
1f6e29d8-e7d0-4b91-bf60-c1fd0f74bf29,0
47588e65-3ac1-48fc-b577-ab8784b42e1a,0
2d861034-69b0-42e5-9606-7351120f5acc,0
1aa9a19e-b652-4882-8970-14897f51054f,1
7ecbf6e2-12fd-410d-84da-1f84437599fe,0
5b6b1b8e-7283-4ec9-a5d6-7b98a8d13968,0
562c1798-2897-4206-93c0-a4127c16c40c,0
6119d583-100b-43f8-8279-344b1a99093c,0
193d318e-1074-4ce8-95d1-d9ffd455e270,0
e1c5aea8-8fd4-48cf-a8f8-dd1c93899946,0
e58c2c31-a0b2-4a77-9a14-427f1d6c0c24,0
bf925908-a2f0-4891-afa9-5951eefa10bc,0
e27da546-e4e7-48e4-ac8a-be4aa0228a8e,0
e9e095cc-161c-424e-8584-b96c755c1198,0
65ba4ce4-873a-432e-acf7-d6543d784546,0
da018066-a1e2-46c9-ba1d-20c60b3694f5,0
02778d52-6da3-4548-8fa8-7386f6f113dc,0
74744cb9-1e79-422f-aca5-9e8343483e64,0
2176ff0a-f24a-42bb-acb9-2af254c156bd,0
953073a1-a923-4a29-abb8-fe91c3040c87,0
eaf6a522-f685-439d-8b5d-a163cef1c8b9,1
d1af9034-03b6-418a-8530-5af83d0eec5c,0
fa63ac91-fd6b-4d4f-ba6b-626dd8871a5d,0
8dbac333-ee66-4fc0-a6e2-bd66535d7885,1
31bd906c-d606-4965-9e08-0a39e430c664,0
48a86b6c-827b-4ad5-bb1a-21d744d7b193,0
1406e1d2-7f3c-4da3-a9de-24b3d9ce1735,0
52846837-9539-42f8-a37a-708f895af182,0
455daed3-3fe8-4fec-acfc-407bfff25290,0
cf770c4b-50e0-4432-ac0c-7ef110bd43e2,0
5d35b69a-1929-454d-952b-e569a18878d6,0
2582cdeb-507c-4a61-b102-38f5e4c10d7d,0
999b861e-3ee9-4d3e-8fc4-085c6b05e467,1
6140dc16-7d90-4ad0-b306-0d13d110f705,0
2d774952-2b31-4aa3-be86-7a76daaf6118,0
18b08451-8597-42ad-9577-cee8b90ee5df,0
fcebcc26-b2e3-4b6a-82ea-4454778b1a1f,1
f0120e61-a474-4053-bb6e-34806d8df3e2,0
7cace4f3-19f6-4879-9fb2-1e6819aa5b81,0
fd6cf17d-f2f0-4f10-bb04-27c0f301e029,0
2f33ac59-71ad-4c9d-9bb0-9e7b9d826598,0
5eb2264a-8af3-4b44-9caf-cbfd66859f3a,0
7a4b161d-96d6-4198-92ba-4e78aeda4c54,0
6acdeeed-08b2-4546-939d-b140c824a383,0
8880e38a-e352-436b-83d5-b4c3f8321451,0
f282f579-71c8-4f5e-b426-c0ff5a437552,0
51cc7bcb-f8b9-459c-8cde-c34fe12c8711,0
01d8be9f-0eb7-43d8-8155-129b3539b423,0
184f3d88-22bd-4067-b51a-a1a653fe999d,0
e4b7de32-ea20-4dce-9cf6-c8abd8a064a0,2
629431e3-a075-4869-a4ba-9ebc329ec21b,0
c708040a-bad0-45b2-952f-a0aa27a7ce7e,0
e4164780-608c-4fc0-b4e8-f260ab171a34,0
8185f14c-4985-4195-9c92-8d5258f8550a,0
ffe4750b-58a0-45ab-8d78-2ed43d82eb5b,0
32aa9393-8957-4f65-93b0-4b89395aed98,0
e3634117-4a60-48cb-afbc-e418ec35e7f8,0
8315a80c-fd49-4668-99ce-2df0b2fe52b1,1
9fed3529-475d-4950-8184-a01a9d4cf6f5,0
5cdb54a3-82b6-49cb-81fd-ec51d44e152f,0
e961c77b-1ff1-440c-a2c1-1bf18b574098,0
4ede910b-3547-4532-9347-4424f74ad8ac,0
7d3a4934-f221-4f11-899c-97e005577bef,1
9d9fc956-6a47-49b1-9c7f-7d5491cf994b,0
3a85534c-6f35-44ac-b3ff-f9a98fe3e8c3,0
4fe49682-e830-4eda-a04e-59cd146fd5dd,0
98b3743f-5cdc-4df2-87e4-7316d54405da,0
987dc0c0-9dcb-4d4c-801d-08ab83fd4022,0
8b2b3920-fa7b-43ca-b961-124d9ec7263f,0
13862155-c0d0-4194-a221-2c2966dd4e4c,0
d6a35903-f16d-454c-b7a2-20c3c2612dfe,2
c1e6299b-e1ec-49c6-a289-8d4c64157ce1,0
17d3dff7-b84a-4044-b6f5-e04ed9dd2253,0
a82d1b27-8089-46b2-8732-b08d51a0ded9,0
4b879802-9676-477b-afd7-bad5ef063806,1
2130cb79-1fc4-4a81-bc68-c2f01ccdcbfe,0
23d83b87-d3df-4afe-8ada-b719cbe955cf,0
a9924fc3-e1b6-4226-935b-91ac3ecd348a,0
a20d0827-86c1-4a5a-b56a-691e895e7a38,0
506357f4-0a4f-4c15-8831-e64a40cb4da4,0
95929998-e56f-4030-993e-cbb983584909,0
9cdb29ba-3a81-4cc3-8857-cefc7be8f06b,0
87b8e817-56c9-4430-bfd2-6bd32a08a8e6,2
546c1092-a245-46e9-8eae-33aa0a116203,0
1ed46e99-2d3c-4be8-b26f-fafbb1d3da87,0
54595f49-bc66-41c8-a276-0b1b732e6d43,0
b8c65090-28d6-4451-96a3-b38bcf51129e,0
01698dec-f66c-465f-9aaa-b663a9f7c481,0
76f38281-6ab5-4749-98d0-d2c9a002e295,0
fa6ac46e-7f28-4212-819a-79036a0ac295,0
196cc76d-93af-4c27-834d-291c89181205,0
3da29f64-2197-4a5a-b908-dec95cba159b,1
12750876-87d5-4213-b492-702c37954e95,1
31cdc68c-f270-4a52-af80-25b5d860744a,0
a18773ef-676b-41ad-b1df-7b82ab186e99,2
9e3934bb-e129-4e37-a232-524e51628622,0
8c8dc800-2507-468a-95bd-1c733430fc8c,0
b9b7cd54-afb9-4a06-8d51-dbd979bc0410,0
1f432493-4803-4121-af4e-7f02daf0795b,0
eee46282-e36c-47c1-b856-34f7d9e172a6,0
ead63648-172c-4582-a42e-7c98176014cd,0
e3db69bf-5ceb-4fe7-b2e9-d2c2eeb6d045,0
e5516d7f-760f-47ce-80be-df02dd3d78b2,1
d7879109-4acb-4ac1-b4b7-f922a2697f16,0
dc971693-63b2-4d96-a489-b48741b7e9ba,1
9c9efb2b-680a-4f2e-b18e-065ece0522f0,0
fc149cfa-7d64-4a5d-a429-039d6bfc3462,0
70f9bc61-ddd1-415a-8fc7-0405c2818169,0
e11ea6f4-8b9c-40ed-b134-0e6bb0402925,0
68144d10-c0be-491c-bedc-6e5aa5c9a0d6,0
738235d3-acce-4125-850e-e39e0c366e8e,0
4ca74b90-f44c-4ff5-bc54-b3b5d7522ff1,0
c286b0fb-fe5e-4a06-8ee8-a540623e82fe,0
01b5122b-8476-427b-a23f-369a9397fd08,0
e17a1678-338c-4972-9bc5-92703f878c34,0
a43c4cae-25b9-4c02-a6f7-e4ab79c2aea2,0
7e81a82f-eba3-4f30-bf1a-12ba10bd6f4d,0
2287a1e5-2235-4ea8-8dda-5e0bd4f74154,0
e7d03271-2849-44ed-997a-a1e10448cfe9,0
8e8419ce-29e4-44ab-a099-7a4d3ad60520,0
1c5f1305-13be-4920-b63b-4fe8028615ab,0
8026f034-f833-451d-b863-868210b7b128,0
a8db1c55-a174-494c-ba91-3dc3238830be,0
552eaa8a-523a-414a-882a-c4d5700eb40a,0
0189e0de-e326-49e8-9edc-35e769e2e794,0
66ff3337-cc40-4716-8f9a-15390650ec94,0
ac2fb257-4ca8-4879-94b3-32b5b0641a02,0
c800030a-2364-4212-944d-eaff7b40d624,0
92e0a9e0-3b1f-4dd8-a29f-ee5ddcfb71ef,0
e21195ef-094b-489a-9771-8ba4a5361222,0
a41946ca-5afc-48c7-bcf3-c5a39955cb4d,0
20212d83-e929-4270-ae76-5121b246a9b5,0
7108620e-ebd7-40e8-801e-f4962a2f707e,0
4a4083c1-99e7-440a-9a2a-4707feedd0eb,0
a1851f4d-e2e5-466b-acd0-bdff5b87bc65,0
aaf20b85-b16e-40c1-ab65-6da68e17027e,0
ce791713-1a83-4f8c-a60d-475b85da7e55,0
dbe49e16-c321-4b92-9172-7135a1c73211,1
7ed51ae8-c6b8-47bf-8b37-a559206cb914,0
da89007b-5125-43db-89b5-1bea0d249d8d,0
b463e65f-8918-4c2a-aea3-61e9342db311,0
4a5ad609-19d2-494d-a112-4716cf929ec1,0
6841858e-1e71-4d62-9f10-716bbe85f876,0
fe544c1d-42d2-4006-94a9-de7d64dbe9ee,1
1e88e060-2feb-4448-a781-004d0c7982bf,0
d1a9ff58-9dbd-42f0-9d42-7038c32e2c1e,0
330e318e-926a-44a5-9fdb-b2f8b9eda060,1
0c60a620-5254-42b5-85ea-ff91f8ccd081,0
87085d06-5b6a-42cb-a707-a2a0a5ff621b,3
a0816006-2c0e-4023-8015-d6117e547131,0
b74011ba-90e9-4cad-b9e5-154a0f93306f,0
1dbffd60-58bc-4e2a-8a00-fe07ac445aca,0
db14e23a-d12f-44ad-a638-0d5047abb18a,0
cfc35928-0a0b-4986-bfdf-52c4216233a9,0
a439e90a-2913-4ce0-aef7-62c7f269528f,0
908ac8ac-b927-4161-bd7e-ed09fcb5f3f1,0
bb802302-2be4-4dee-8ecb-31fd60dda049,0
df6d803a-99c7-440d-8df1-55e67e8eeb20,1
6261f0a5-0a69-436d-bfc9-d3d519421143,0
7fcafcbb-798c-4166-806c-c22f9998a130,0
d32ac054-7e08-40ca-b292-9fa16667f420,1
f6426bb8-1171-487b-8512-4fd693c1e074,0
e8a81e0f-2856-4a21-8953-def574b054d5,0
6aad526d-be9f-4142-8090-1b90973a6a59,0
da68138d-32e5-4177-8479-e2cbd838ea19,1
4f6172a9-d9ab-4f4f-b2bb-2bec3e24f1ad,0
0eafedbd-582d-45e8-b855-10c5e53b77be,0
00b8767b-11e3-473d-8226-3df87364c0f0,0
d8380db0-f32b-423d-aab9-363f591c2dbc,0
1079071e-0179-450e-893d-707da9e0441c,0
ff30da6a-f109-48c4-8a40-315546c0d692,0
137d88b2-daa4-43fb-88ef-1bdaeaae701d,0
9011b4f6-ca69-40dd-84f8-6f67c9ad5d5d,0
2ecfa27e-38b8-4417-89d7-92d3d3ca772c,0
d3d82484-f425-47d7-8d31-bbcdaf34756d,2
556e1d60-ac24-471e-addb-51bab96920c2,0
c804c64a-937e-4223-974b-4e724200784a,0
43b477c4-f0d2-477e-bd79-79390b59dedc,0
d781ccac-a87b-45f1-8131-f478277a398b,1
a1885bb4-b735-4c85-b929-43aa8d43ef67,0
80c07785-5820-4ea1-84a2-cdedaab5a106,1
ef708dca-1342-4c22-acf5-7a32f6fa5f56,0
109e7a7a-102a-4c52-aa2e-53b34a567305,0
aa8ad071-8864-4abe-8d53-2c7dd68579bf,0
97bc0bd1-d8a6-435e-aae7-a74f1f837812,0
ee8d12f4-8505-46c0-bed5-c181536e9e16,0
cf5859ea-cce0-42db-9fc2-46c85f419390,0
4ced35d5-30a3-43e1-8304-777486004eb8,0
1103cdae-9b4f-4306-bd99-b58c6716a1db,0
39e951b1-50ea-461e-970d-b9a7d0826af3,0
c15887c8-ffe9-4db4-95a8-8e0353cd1b5a,0
6537d286-1a9f-4c62-9176-013cb189a031,0
16ea5f36-54f9-4450-8d00-e5c69d277f40,0
8f60dae6-c684-4030-99e0-7ba36f04a8a1,0
c0177571-8b24-4883-ab21-1b12907fa33f,1
a6af47a6-cbc0-4670-be4f-73c484dded50,1
f6dea3ea-9634-4a01-a6d0-8e038dc86150,0
66c502c8-8319-49ff-88b2-5cb166df39ef,2
9558ec76-6c38-4d0f-a9f6-5e7b2fccc63d,0
6fd16bc6-549d-40e8-8997-a02f94c1e530,0
52e66702-0376-4cef-b7cc-e02f8e06b262,0
fcfc3341-21a1-4a7c-81af-dfa2cc90f448,0
2dfecdf2-71f7-4ece-bf55-e8bd94fdac59,0
0aba3232-e162-4ce2-8f9a-718f17102b53,0
5e4e4967-f841-4e6c-88fc-a581ebf204a0,1
0c5adb0a-6587-49cc-a2c9-dc3f940c4740,0
c7c9b007-fe96-4e0e-abcd-1f43c6aa59b8,0
90505910-4556-4f43-a1df-effeb92640a8,0
5e407f1b-ce49-48de-a7f0-27446317cfd8,0
c0baaf18-c369-4a1b-979b-dcad3f1117f3,0
da57e5bc-2cfa-48b7-b1c1-a9d6b24938fc,0
b3dbbf71-0f5e-42b3-befd-2fe543ca0315,0
2d056272-0340-4bdf-8dc7-f23ce7869f23,0
5dd1e641-719e-4d7a-9aa8-ea92204e409a,0
82ca8ae1-9589-4678-81e9-9d493f75c9ba,1
acefbff2-0f07-4807-afe1-2dbc82b7fd65,0
d810f2d7-6dcf-45c6-9d98-dc40aa29a151,0
7325b685-7831-421f-95fc-a84be2974ba9,0
3b5d95f3-8751-4aaa-bd75-90ad2fc9e627,0
2a982266-01f8-44bf-ada6-b4bdbfb1d29b,0
d6ad87e1-5a6b-4c84-8895-3d10567f77ea,0
bf5519b6-f4d2-4b6b-9516-3d6f668b8234,0
6557e2f7-284c-4e45-acbe-bddd294dfde1,0
f0cf9b0e-6f15-4c8e-a05e-fbec38137074,3
ac6e3b41-8ee7-4331-b3dc-54b72f908f56,0
4a38fd03-b228-429e-ab09-faeb57596b3e,1
0bcf126a-fe9c-4da2-94a8-04e31b768465,0
6a1a08ff-68ab-4b83-adda-450582e15c2a,0
0ae5a07c-1123-4819-b207-f5078ba09236,0
d7f03e5b-66b2-40dc-b22c-4f6101bbda55,0
1003b5c7-e5dd-4b7a-b34e-139b7f02fcad,0
0dba74f0-812d-4c8a-b724-b6515a47cffa,0
a638ad09-6bc0-48ef-acb8-ef247d59ebba,1
9ab9f5d3-ee5f-4eaa-95ba-99923ce00816,0
1ca5c334-3f4a-4ecf-baa4-e6e11367c47e,0
3d132084-0422-4792-9be0-3ca6b210b4bf,0
11e3a358-0f0d-4aac-b0b5-9d1d36566cbe,0
af6d6f17-9c85-49b6-9021-3e426f399beb,0
1711055a-f350-470a-b9e2-f455feb5c776,0
164bace1-94fe-45f3-8e8e-ca1a6db45c22,0
63ac394f-f5d4-4c22-b561-3aed0943e749,2
a3237d2c-5dce-4a93-9715-ce21c12e4c2c,0
c62e062c-da3f-4476-aca0-190077a6c8f9,1
47494fd5-78f9-41a8-9f09-f53b7b6f6a74,2
782e44b1-ef17-41cc-a477-456676764bb2,0
9cd79e65-5f79-42b1-80e4-5df77d004b2a,0
3b4e1130-a2cc-4956-87ec-798d17dbc88f,0
a2d30a28-aad3-47f8-8386-bb8e9a435874,0
4f429ecb-1f93-473a-830c-08041357125b,0
9df9f238-085f-4fde-ae6f-b0363393d486,0
0d9bdf22-d32c-415d-8787-e70ef16d4117,0
33662e6c-5c74-4aa8-9cd2-4252593bb798,0
23cd8017-86a6-450c-9abf-8c518fb2a378,0
176e5caa-719a-4bcc-87e0-c9090e0b0f49,0
9e1c6485-052d-4c88-a922-b85256849490,0
0249409f-a864-4128-954d-1927ebffdde6,0
5f03a658-00a1-4b29-829c-946441a583c3,0
878cbdaf-cf0f-4e38-b9c9-77db506005ad,0
5c543db5-c2fc-42c3-a506-81c5b87fb90f,0
82d3bdcb-cd6a-4b26-b497-06e9f3ecd469,0
13193eb9-b074-4712-bb4d-000607ea3e53,0
50280703-e735-4dc9-9cd3-462b9e4abc82,0
d9b16708-7f59-4bff-ad14-f35a7f4b58d4,0
e5378e2a-3a0f-4a5c-9c10-d877cebadb54,0
74f86fe1-2d9d-4919-a1ad-5f0dae626828,2
46b84831-82c7-47f4-a4d2-71c8b01e9c27,0
4ab76a32-7d41-4876-b8fd-0aab57481f62,0
fe36acec-8974-4b33-b056-f8f7e90c61c5,0
fb129832-6942-4829-9395-4fbdcb345e08,0
d48bc2fb-8d62-4345-a706-1cae8c2dfb5f,0
5567abab-26a3-4902-ac62-1cc28db6c516,0
b70c15d1-7b77-41b6-a81b-9a5092e74204,1
64016747-40af-4250-b3a1-abea4d67193e,0
75e0ed57-cf1a-4db6-9565-b2bd0565dc7d,0
4f9bb7f1-28b3-4fab-a40b-7b2ab53b09a0,0
2dff7a50-332c-498e-bab6-8daf41410fc4,0
f58a707f-2893-4f97-9eb0-e4577a547389,0
bd8480ab-6843-4625-b894-6dce8e982bcb,1
46333ffe-e2e5-43fd-99d2-3d71bb5e6eb7,0
df159b3c-575e-4468-b287-c03b19abdf44,0
8eff3b53-0d15-4812-a21d-5cf46383f7dc,1
9a03e6b8-295f-4fa9-a0f4-4fb33a369506,0
115c59f7-5705-4e8f-88da-12ce3ca9075e,0
e09a75ca-6f9c-4e54-97f0-9a7fc031e9cd,0
5f382df8-cf4b-455f-bfa0-e59eec3152d8,0
ecf77986-3d33-454f-a632-14ae5e42506c,0
9981b916-e591-4b89-b872-9414132d403e,0
90dae73e-2190-4439-a6a6-20fc5ef75349,0
65b0ecb4-3ae5-4c67-b1fb-38726184a213,0
8a5bb529-7246-44cb-8554-83e0b32535c7,0
959ef0a3-edea-4342-ab09-124953973545,0
4c3ba1d5-5ee7-4774-be6b-b9dbb3708a26,0
2fd72ca0-22f6-4061-b3e9-095561ea2110,2
16ec13c5-63a8-4576-b364-e6d69cc1c5dd,0
69c4b079-4979-4ecf-b87b-be860e839a29,0
949f0687-0041-4258-9c28-0265615ce04a,0
4d40aae6-8fe3-4d3e-8d2c-8d6777e2c84c,1
c7653f42-6df8-410b-af00-1c6b95e879c6,0
7ec7d30f-c8a8-48a3-894e-c28110b6afbe,0
c42d0335-adea-42ef-bad0-31162137b29b,2
f5857ec3-eafe-40aa-8b0f-db3d84786ae4,0
6990b0e7-b36c-4359-9db6-56fa96758e2a,0
13033995-ed64-445c-a67f-b959348ff521,0
265681c2-d346-48cb-9c26-66f804905cdb,0
9bf81fb2-5c0c-4d81-97fe-fc95f8bdea4f,0
32664cbb-fdfe-4bdc-b038-c6b447eabaee,0
bb3cfb82-5c3f-4e5e-8d0a-f767731c1224,0
3105f586-fa58-48d6-b86b-654aa17b3338,1
816b3e96-551b-4528-b467-8e525adc9d4c,0
cae64654-236e-4020-a916-683e6e328042,0
70dee24d-61e0-4588-9b73-d36051b95279,0
5b6396fa-4d74-4f38-b432-aea12d4ade8f,1
eb236950-1f34-4fe2-9f68-36f1fee2a41b,0
962a90fd-0efd-4c12-814f-a3eea0d7b7b1,1
df7566b1-fdba-4ea0-a8ed-e37fa3da274f,0
40f80a42-7217-45cd-8a80-ea1e956976e1,0
ccc5a889-d6cd-463e-80f8-1de22a5c4769,0
de1e8884-91c2-43d7-a0e6-3805ac7ff914,0
ba94ebec-2df9-4d12-91c6-6bcd68abde5c,0
2695d29b-178b-405b-88e9-b17aeef5c0ea,0
040da4a0-283a-4f4a-a86a-6b411d8fcb3c,0
fde1ddde-5df3-452d-aca0-0c8518bafa22,0
855a208c-edad-419f-ba7c-5b826da5fbf0,0
68303e26-dec2-4460-be93-0f0b7ea419d8,0
bf509f38-08e6-406b-9cc5-7a43f88382ff,0
2527f891-c0a5-4a2f-aa1d-005ce8191cf5,0
68d6652c-d68d-4f1d-8d67-37b08521a3bd,0
504448e4-fef4-4e28-a9f7-14f2e7557cb9,0
0340d416-9916-4f23-ba91-624fcdcaaba4,0
f584d861-4829-4544-83bf-5f44f8f01b8f,0
20595f34-c81b-4d69-8343-3c6415315c62,0
62f9723f-2e8a-41ee-ba82-c01642d4ad01,0
280f3035-fe84-4da6-93e5-33706a7ac4d3,0
db6068e8-2f67-444d-9211-39fe8d9e2b69,0
7789d2b4-b7c0-4078-bd8e-3c5fd02298b4,0
d9a03be0-f404-42b1-ad7f-27d302852c66,0
aee082f6-0bb5-4e5c-8361-175c311c281b,0
fc73ba33-353b-4955-93c7-5beb5940ca43,0
848806cf-1c6f-4d37-888d-e55c9c259a26,0
9b3af23d-58d8-4539-a9e2-7d2b6bdd88d3,0
7353ea7e-b85b-48c2-bbc6-4702199fa1b2,0
5c51b2a0-b1a4-4a70-b150-189773a9b4f3,0
2b6c77b3-c74e-4f33-a31a-ac041c10cfab,1
9050048a-368c-4101-9532-6ecbe8850a90,0
88fbbc7b-08e3-4eab-8e57-6d12ca39557d,2
6fe591fb-591e-433c-b832-118e37dbbf80,1
c391e152-da8d-4b1a-bd1a-e988e25e3007,0
558f3efd-ee16-446a-9266-92bfe334acfc,0
0c16753a-c071-46f4-8194-f844e8ce5e6b,1
f4ba4021-6839-4289-92b5-2cee00050c2a,1
6e1e4ae3-987b-4d8c-bbba-0e85558b9350,0
8fc30706-047e-40e7-9caa-04d74c0a9cea,0
fd7932e5-1977-4364-adb5-f5942376a420,0
19f43187-8169-49d3-baed-d63a34dc985e,0
35ed1209-b029-414f-b6f1-2908d88c1983,0
fe19f6a4-1458-4149-adbd-930dcaa096b5,0
90ef2d79-cb79-4051-a808-7a97b026840b,0
fbd0b4bc-0033-4b83-8c3b-671187eb821b,0
61690da1-b773-4f8a-88b7-871bda6b28ba,0
ef27f439-d8b9-4a14-9950-7fe6d7f90181,0
a76a882b-53bb-4e57-822d-d702f9cd7fa1,0
6e45bf4f-7c38-4657-bf09-b7fea403d756,0
4facc110-3b0b-4801-951b-f12f743a420d,0
467e3b2c-d140-4d44-b467-2b15555085ac,0
ceaea308-0a35-4db6-8cc8-7d4a844371d9,0
d86e3040-a1cb-4adf-9114-1a19566ba70a,1
045a3715-4fd8-426d-9a86-d2d6298d2702,0
fa77d8ea-45fa-476b-8c2b-5f1b35cda697,0
f9f3326c-a2e1-4aae-b1ad-408f5f7c99ad,0
0ffb6ca9-2b54-474e-b43e-269b8a61a054,0
99c6b7b2-8b8f-412d-8083-265b6dfbe1bb,1
edf10887-71ef-4f81-9fe7-490be1590e90,0
d68a9332-0202-4526-b2a9-c4685485a3a1,1
11f518f8-1a7d-4441-b218-2aa1cac3ff45,1
866e4911-15e4-4ef5-a37f-a36e41f56dd5,0
502fbce9-5c64-4e1e-a94b-a7114e56d8cf,0
a223c052-bb4f-4a29-9835-426dcb8bdf2a,0
c0192215-0d83-45f7-9626-fb8ea8987d93,0
1551aa37-b1f0-4add-a9aa-6492f0a5cad6,0
dcb12655-e501-4170-9c91-595197910622,0
2fbc3da4-111d-4b05-9c69-b5d0a65cc34d,0
64738f72-ac77-499e-9270-bb504dd5b8c8,0
2e004f2b-1cb2-43aa-8c87-ccc2d6450fc5,0
93ddbfb7-d105-4693-be78-645cc5514861,0
26bbbc33-aa7b-443d-b834-15b037b01317,0
2efc9344-1a58-4846-813f-0c2e257d1eda,0
b57bdb35-17b4-4dc3-9848-0bad76df8703,2
95801d0b-139d-4903-aeea-9e69bf7879e0,0
8d2ac587-6123-45b5-8af5-29255371aeb7,1
c960b2c1-d1f8-49d3-837b-e80fe7c4cbf8,2
72aacbc2-892f-4d0c-a3a0-b4d85360dda4,0
5d64cb93-aa14-4582-8bb2-1226608f53fd,0
c9dd2248-6fde-43da-94c5-0538b606618b,0
c31bd329-0e0f-49b9-a4cc-a84ecfda275c,0
7a1750c9-db28-480f-a93d-dc58cb7f20e6,0
6ede0b73-023f-4396-9292-fe091611562a,1
1528d047-90e2-48df-9a49-73a633ccf0d9,0
6ab07d39-f5a6-4e56-994d-37ac974210a6,0
bf0b14d3-6726-434e-9c1f-c7f09cb11ce4,0
39962b1d-6829-45b9-9b9b-298d2d61b85a,0
4eecc28a-294e-48a6-a6f4-ada43afe1c84,0
57007c3e-3f3b-43c0-a67c-4a9afe05a394,0
c724e17d-101a-4411-845e-6d7cca262f02,0
c63b93d6-6b45-4277-a786-d47449634207,0
640f14bd-bdc8-4c16-b854-f52a861c7422,0
4aaae63e-077b-4d36-8bb7-a948233717aa,0
f88f9957-1436-4efc-90aa-ff46ddf5bd0a,0
9858a63b-924d-495a-b756-d751e1d7540d,0
4471b045-300e-4177-b6c5-27f2dd0e29f0,0
cd129661-cbfb-4ca8-9e27-24cf86c11692,0
ac230fd2-5b8c-4255-af9f-fc7a9999c636,0
f1fd8322-f56c-4e8c-aef1-8d4f3e543166,2
b01ff1f2-f344-4f44-946e-9c564fea571b,0
2992112f-8f4f-4e8b-9f5f-f1b8d59f7cfc,0
d03ee7f2-80ea-4ce3-8523-6d1454e9e1b6,0
db0b0eae-1a36-4b86-81b5-561fc7314ff7,0
ac496845-a81e-47a2-bb63-9625fd58383f,0
96b69160-dab0-46fb-a0a1-d24e3e9ae950,3
840c71fa-0a83-4229-9178-5e6850cf15e2,0
d3440145-de6d-4288-a830-fc66bf99b5c5,0
0ec02ace-dcc0-4e2a-bb2e-8c7b53cf2f09,0
a2601812-7fd0-4d23-86b5-177775640597,1
1202cc01-70ec-4374-b9b3-a9169ac88a9b,0
5a0659a3-d6a8-4e94-bdd2-5c05d2047de7,1
c1ae37cf-e5f3-4420-8715-95c0a24760d2,0
543f5972-bd40-47ee-81d6-e2357b1a901f,0
47b55dc1-5bc7-4c54-9f18-fed6f297a2d1,0
92114be7-ddbf-4658-9cb7-dd41a83cfa17,0
d143a88f-76ba-4143-a9fb-8e1cae6f1904,1
8cf85d3e-248b-4330-96a3-6e8380a4ed1d,0
988988a9-3f9c-40f7-9987-5e385ba5ea0c,0
4e86bdbc-c574-416c-8f13-a70f78020e94,0
ad59beec-1da7-4f9b-9232-be6e23de3e3a,0
14f7e092-e2c8-42d7-bbd4-55126b814f3c,0
5c96eb9f-b8e4-4e30-9504-1d28c94e0ae4,1
4d8053b7-0375-4639-bcde-994b11f73a12,1
edebd803-cdaa-4d5c-8d6a-34bc7cf0f786,0
60c49269-4362-48eb-9c9f-5d641dc6e3b2,0
cee3b580-ba87-47de-a05e-1045a9033a20,0
4965bf95-62d6-418b-873f-655b54751b32,1
83237057-321f-4862-a544-33125b8d20bb,0
d215f8c4-9c33-4bd6-bca8-57605b9fb96c,0
d0eb4cf9-63f7-4f80-8077-fd3367ba1a91,0
2fb76f62-fdc1-4f95-aabf-d4e78ac7a36e,0
71f6cd67-b8ad-49af-9ac2-0a84a49eff94,0
3f407c4b-3d3f-4d82-9164-7e0af1badb08,0
a6326810-91c1-4414-b775-a0d42f2b0b9f,0
eef3c0ed-17b5-490f-b1ed-ed5f057330ef,1
259b7b54-82b2-4f28-9004-98b57eaed8d4,0
e949e3e7-b709-4f67-8311-6cf3320b0d5d,0
d8243567-2ea6-4c51-9b5c-c297efba2fa2,0
0a4bd9dc-c81b-42c9-9910-fd717178daf6,0
f9fa171e-75c1-404a-9b16-7f32d44a1951,0
6932302e-7c85-49e0-9887-ebd2146b4f17,0
09217122-a9c4-49c2-8831-a38ec47c69b3,0
021031f7-942d-4f28-a020-d682f954b214,1
bf6b161f-7434-4012-80e1-2638fc43f2f1,1
261299ba-eeeb-41bd-a662-44bdbdf58faf,0
ab08826b-6ccd-4f49-bc6f-c7599e374167,0
797e5742-680f-40c9-91d9-94e657394651,0
051ab93f-cc50-48e4-9a40-d9221a1559ec,0
274b330b-2134-4a50-9dbd-0ec9b10505ea,0
2f5bb403-603f-48f0-a289-d97949768e8b,0
a205ecda-b44f-4179-8ff5-da4ead42091e,0
7b75d598-1cb7-4e2a-9f9a-6050959978ea,0
92f18e88-8561-4e62-865f-1b26643a20cf,0
b98ade62-8c56-4ec1-b265-d69abd3a74c9,0
843d87b5-902e-4336-9438-aa76d74e13e4,0
2dbbb577-4617-44b1-9a51-5fdf18ebb2ab,0
7c38e684-5968-432e-8acb-5bbe0f718fad,0
27624b55-fd6d-45ce-bbc5-0c2958d48865,0
b792bf64-2047-4435-aac1-27ee95b134d6,0
